correlation,x,y
0.7849290882247891,totalflow,log_y2014
0.6891345713552682,inflow,log_y2014
0.589790051235844,outflow,log_y2014
