,Intercept,log_geo_poi_sum_0_j,log_geo_poi_diversity_0_j,log_geo_distance_ij,district_id
0,5.551115123125783e-17,1.3393051406166112,3.4900846604927684,-2.1149324487330623,global
