,Intercept,log_geo_poi_sum_10_j,log_geo_poi_diversity_10_j,log_geo_distance_ij,district_id
0,5.551115123125783e-17,1.1315074295726884,2.9454628424521596,-2.109955144458736,global
