,Intercept,log_geo_poi_sum_2_j,log_geo_poi_diversity_2_j,log_geo_distance_ij,district_id
0,5.551115123125783e-17,1.2962465169825959,3.4542641369910525,-2.115745903047058,global
