,Intercept,log_geo_poi_sum_3_j,log_geo_poi_diversity_3_j,log_geo_distance_ij,district_id
0,5.551115123125783e-17,1.3435637936860672,3.458582617898349,-2.1222680076418037,global
