,Intercept,log_geo_poi_sum_7_j,log_geo_poi_diversity_7_j,log_geo_distance_ij,district_id
0,5.551115123125783e-17,1.3400017496896535,3.486796786239366,-2.118590850954954,global
