,Intercept,log_geo_poi_sum_8_j,log_geo_poi_diversity_8_j,log_geo_distance_ij,district_id
0,5.551115123125783e-17,1.378752787175502,3.224676013015255,-2.1187961099957033,global
