,Intercept,log_geo_poi_sum_6_j,log_geo_poi_diversity_6_j,log_geo_distance_ij,district_id
0,5.551115123125783e-17,1.3655036245520047,3.3745773382198347,-2.1149584447567626,global
