,Intercept,log_geo_poi_sum_9_j,log_geo_poi_diversity_9_j,log_geo_distance_ij,district_id
0,5.551115123125783e-17,1.258227485304626,2.9751485081005553,-2.118851540503728,global
