,Intercept,log_geo_poi_sum_1_j,log_geo_poi_diversity_1_j,log_geo_distance_ij,district_id
0,5.551115123125783e-17,1.032603226734384,3.893341217701119,-1.9694206249746706,global
