Model,Pseudo R2,Residual Deviance,Df Residual,Intercept,Alpha,Beta,Gamma
Poisson,0.7944689941746474,1522652.316388563,1292.0,6.62775490400049,0.8206031554213524,1.2797809684039558,-1.6788711978217368
Negative Binomial,0.59250463233096,1866.361095794778,1292.0,-0.8487819435730243,1.5032305086438602,3.1741561387885744,-1.4654734004745191
Gaussian,0.6481036535306047,1355.670839945135,1291.0,6.938893903907228e-17,1.3393051406166112,3.4900846604927684,-2.1149324487330623
,,,,,,,
